{
  "version": "1.0",
  "assets": [
    {
      "id": "TEX_PAPER_FIBER",
      "type": "ui_texture",
      "path": "textures/seamless_2048/TEX_PAPER_FIBER.png"
    },
    {
      "id": "TEX_PARCHMENT_OLD",
      "type": "ui_texture",
      "path": "textures/seamless_2048/TEX_PARCHMENT_OLD.png"
    },
    {
      "id": "TEX_INK_WASH",
      "type": "ui_texture",
      "path": "textures/seamless_2048/TEX_INK_WASH.png"
    },
    {
      "id": "TEX_GOLD_FOIL_SPECKLE",
      "type": "ui_texture",
      "path": "textures/seamless_2048/TEX_GOLD_FOIL_SPECKLE.png"
    },
    {
      "id": "TEX_DUST_MOTES",
      "type": "ui_texture",
      "path": "textures/seamless_2048/TEX_DUST_MOTES.png"
    },
    {
      "id": "TEX_WAX_GRAIN",
      "type": "ui_texture",
      "path": "textures/seamless_2048/TEX_WAX_GRAIN.png"
    },
    {
      "id": "TEX_CLOTH_DARK",
      "type": "ui_texture",
      "path": "textures/seamless_2048/TEX_CLOTH_DARK.png"
    },
    {
      "id": "TEX_NOISE_SOFT",
      "type": "ui_texture",
      "path": "textures/seamless_2048/TEX_NOISE_SOFT.png"
    },
    {
      "id": "FRAME_DIALOG_YUESHI",
      "type": "ui_frame",
      "path": "frames/dialogue/FRAME_DIALOG_YUESHI.png"
    },
    {
      "id": "FRAME_DIALOG_GUOTANG",
      "type": "ui_frame",
      "path": "frames/dialogue/FRAME_DIALOG_GUOTANG.png"
    },
    {
      "id": "FRAME_DIALOG_RUDANG",
      "type": "ui_frame",
      "path": "frames/dialogue/FRAME_DIALOG_RUDANG.png"
    },
    {
      "id": "FRAME_MODAL_1400x900",
      "type": "ui_frame",
      "path": "frames/panels/FRAME_MODAL_1400x900.png"
    },
    {
      "id": "FRAME_EVIDENCE_1600x1000",
      "type": "ui_frame",
      "path": "frames/panels/FRAME_EVIDENCE_1600x1000.png"
    },
    {
      "id": "FRAME_CLUEBOARD_1200x800",
      "type": "ui_frame",
      "path": "frames/panels/FRAME_CLUEBOARD_1200x800.png"
    },
    {
      "id": "FRAME_TOOLTIP_640x360",
      "type": "ui_frame",
      "path": "frames/panels/FRAME_TOOLTIP_640x360.png"
    },
    {
      "id": "FRAME_LISTROW_1200x120",
      "type": "ui_frame",
      "path": "frames/panels/FRAME_LISTROW_1200x120.png"
    },
    {
      "id": "BTN_PRIMARY_NORMAL_600x160",
      "type": "ui_button",
      "path": "buttons/BTN_PRIMARY_NORMAL_600x160.png"
    },
    {
      "id": "BTN_PRIMARY_HOVER_600x160",
      "type": "ui_button",
      "path": "buttons/BTN_PRIMARY_HOVER_600x160.png"
    },
    {
      "id": "BTN_PRIMARY_PRESSED_600x160",
      "type": "ui_button",
      "path": "buttons/BTN_PRIMARY_PRESSED_600x160.png"
    },
    {
      "id": "BTN_PRIMARY_DISABLED_600x160",
      "type": "ui_button",
      "path": "buttons/BTN_PRIMARY_DISABLED_600x160.png"
    },
    {
      "id": "BTN_SECONDARY_NORMAL_600x160",
      "type": "ui_button",
      "path": "buttons/BTN_SECONDARY_NORMAL_600x160.png"
    },
    {
      "id": "BTN_SECONDARY_HOVER_600x160",
      "type": "ui_button",
      "path": "buttons/BTN_SECONDARY_HOVER_600x160.png"
    },
    {
      "id": "BTN_SECONDARY_PRESSED_600x160",
      "type": "ui_button",
      "path": "buttons/BTN_SECONDARY_PRESSED_600x160.png"
    },
    {
      "id": "BTN_SECONDARY_DISABLED_600x160",
      "type": "ui_button",
      "path": "buttons/BTN_SECONDARY_DISABLED_600x160.png"
    },
    {
      "id": "BTN_DANGER_NORMAL_600x160",
      "type": "ui_button",
      "path": "buttons/BTN_DANGER_NORMAL_600x160.png"
    },
    {
      "id": "BTN_DANGER_HOVER_600x160",
      "type": "ui_button",
      "path": "buttons/BTN_DANGER_HOVER_600x160.png"
    },
    {
      "id": "BTN_DANGER_PRESSED_600x160",
      "type": "ui_button",
      "path": "buttons/BTN_DANGER_PRESSED_600x160.png"
    },
    {
      "id": "BTN_DANGER_DISABLED_600x160",
      "type": "ui_button",
      "path": "buttons/BTN_DANGER_DISABLED_600x160.png"
    },
    {
      "id": "BTN_GHOST_NORMAL_600x160",
      "type": "ui_button",
      "path": "buttons/BTN_GHOST_NORMAL_600x160.png"
    },
    {
      "id": "BTN_GHOST_HOVER_600x160",
      "type": "ui_button",
      "path": "buttons/BTN_GHOST_HOVER_600x160.png"
    },
    {
      "id": "BTN_GHOST_PRESSED_600x160",
      "type": "ui_button",
      "path": "buttons/BTN_GHOST_PRESSED_600x160.png"
    },
    {
      "id": "BTN_GHOST_DISABLED_600x160",
      "type": "ui_button",
      "path": "buttons/BTN_GHOST_DISABLED_600x160.png"
    },
    {
      "id": "BTN_DISABLED_DISABLED_600x160",
      "type": "ui_button",
      "path": "buttons/BTN_DISABLED_DISABLED_600x160.png"
    },
    {
      "id": "CHOICE_STRIP_1_900x120",
      "type": "ui_button",
      "path": "buttons/CHOICE_STRIP_1_900x120.png"
    },
    {
      "id": "CHOICE_STRIP_2_900x120",
      "type": "ui_button",
      "path": "buttons/CHOICE_STRIP_2_900x120.png"
    },
    {
      "id": "CHOICE_STRIP_3_900x120",
      "type": "ui_button",
      "path": "buttons/CHOICE_STRIP_3_900x120.png"
    },
    {
      "id": "CHOICE_STRIP_4_900x120",
      "type": "ui_button",
      "path": "buttons/CHOICE_STRIP_4_900x120.png"
    },
    {
      "id": "CHOICE_STRIP_5_900x120",
      "type": "ui_button",
      "path": "buttons/CHOICE_STRIP_5_900x120.png"
    },
    {
      "id": "CHOICE_STRIP_6_900x120",
      "type": "ui_button",
      "path": "buttons/CHOICE_STRIP_6_900x120.png"
    },
    {
      "id": "ICON_BACK",
      "type": "ui_icon",
      "path": "icons/png_128/ICON_BACK.png"
    },
    {
      "id": "ICON_NEXT",
      "type": "ui_icon",
      "path": "icons/png_128/ICON_NEXT.png"
    },
    {
      "id": "ICON_MENU",
      "type": "ui_icon",
      "path": "icons/png_128/ICON_MENU.png"
    },
    {
      "id": "ICON_SETTINGS",
      "type": "ui_icon",
      "path": "icons/png_128/ICON_SETTINGS.png"
    },
    {
      "id": "ICON_SAVE",
      "type": "ui_icon",
      "path": "icons/png_128/ICON_SAVE.png"
    },
    {
      "id": "ICON_LOAD",
      "type": "ui_icon",
      "path": "icons/png_128/ICON_LOAD.png"
    },
    {
      "id": "ICON_ARCHIVE",
      "type": "ui_icon",
      "path": "icons/png_128/ICON_ARCHIVE.png"
    },
    {
      "id": "ICON_SEAL",
      "type": "ui_icon",
      "path": "icons/png_128/ICON_SEAL.png"
    },
    {
      "id": "ICON_STAMP",
      "type": "ui_icon",
      "path": "icons/png_128/ICON_STAMP.png"
    },
    {
      "id": "ICON_SCROLL",
      "type": "ui_icon",
      "path": "icons/png_128/ICON_SCROLL.png"
    },
    {
      "id": "ICON_SEARCH",
      "type": "ui_icon",
      "path": "icons/png_128/ICON_SEARCH.png"
    },
    {
      "id": "ICON_FILTER",
      "type": "ui_icon",
      "path": "icons/png_128/ICON_FILTER.png"
    },
    {
      "id": "ICON_PIN",
      "type": "ui_icon",
      "path": "icons/png_128/ICON_PIN.png"
    },
    {
      "id": "ICON_LINK",
      "type": "ui_icon",
      "path": "icons/png_128/ICON_LINK.png"
    },
    {
      "id": "ICON_CLUEBOARD",
      "type": "ui_icon",
      "path": "icons/png_128/ICON_CLUEBOARD.png"
    },
    {
      "id": "ICON_EVIDENCE",
      "type": "ui_icon",
      "path": "icons/png_128/ICON_EVIDENCE.png"
    },
    {
      "id": "ICON_INSPECT",
      "type": "ui_icon",
      "path": "icons/png_128/ICON_INSPECT.png"
    },
    {
      "id": "ICON_ZOOM_IN",
      "type": "ui_icon",
      "path": "icons/png_128/ICON_ZOOM_IN.png"
    },
    {
      "id": "ICON_ZOOM_OUT",
      "type": "ui_icon",
      "path": "icons/png_128/ICON_ZOOM_OUT.png"
    },
    {
      "id": "ICON_CLOSE",
      "type": "ui_icon",
      "path": "icons/png_128/ICON_CLOSE.png"
    },
    {
      "id": "ICON_EXPAND",
      "type": "ui_icon",
      "path": "icons/png_128/ICON_EXPAND.png"
    },
    {
      "id": "ICON_COLLAPSE",
      "type": "ui_icon",
      "path": "icons/png_128/ICON_COLLAPSE.png"
    },
    {
      "id": "ICON_LOCK",
      "type": "ui_icon",
      "path": "icons/png_128/ICON_LOCK.png"
    },
    {
      "id": "ICON_UNLOCK",
      "type": "ui_icon",
      "path": "icons/png_128/ICON_UNLOCK.png"
    },
    {
      "id": "ICON_WARNING",
      "type": "ui_icon",
      "path": "icons/png_128/ICON_WARNING.png"
    },
    {
      "id": "ICON_RISK",
      "type": "ui_icon",
      "path": "icons/png_128/ICON_RISK.png"
    },
    {
      "id": "ICON_FAVOR",
      "type": "ui_icon",
      "path": "icons/png_128/ICON_FAVOR.png"
    },
    {
      "id": "ICON_SUSPICION",
      "type": "ui_icon",
      "path": "icons/png_128/ICON_SUSPICION.png"
    },
    {
      "id": "ICON_INTEL",
      "type": "ui_icon",
      "path": "icons/png_128/ICON_INTEL.png"
    },
    {
      "id": "ICON_AUDIO",
      "type": "ui_icon",
      "path": "icons/png_128/ICON_AUDIO.png"
    },
    {
      "id": "ICON_MUTE",
      "type": "ui_icon",
      "path": "icons/png_128/ICON_MUTE.png"
    },
    {
      "id": "ICON_LANGUAGE",
      "type": "ui_icon",
      "path": "icons/png_128/ICON_LANGUAGE.png"
    },
    {
      "id": "ICON_BOOK",
      "type": "ui_icon",
      "path": "icons/png_128/ICON_BOOK.png"
    },
    {
      "id": "ICON_QUILL",
      "type": "ui_icon",
      "path": "icons/png_128/ICON_QUILL.png"
    },
    {
      "id": "ICON_GAVEL",
      "type": "ui_icon",
      "path": "icons/png_128/ICON_GAVEL.png"
    },
    {
      "id": "ICON_CLOCK",
      "type": "ui_icon",
      "path": "icons/png_128/ICON_CLOCK.png"
    },
    {
      "id": "ICON_MAP",
      "type": "ui_icon",
      "path": "icons/png_128/ICON_MAP.png"
    },
    {
      "id": "ICON_EYE",
      "type": "ui_icon",
      "path": "icons/png_128/ICON_EYE.png"
    },
    {
      "id": "ICON_HIDE",
      "type": "ui_icon",
      "path": "icons/png_128/ICON_HIDE.png"
    },
    {
      "id": "ICON_TAG",
      "type": "ui_icon",
      "path": "icons/png_128/ICON_TAG.png"
    },
    {
      "id": "ICON_CHECK",
      "type": "ui_icon",
      "path": "icons/png_128/ICON_CHECK.png"
    },
    {
      "id": "ICON_CROSS",
      "type": "ui_icon",
      "path": "icons/png_128/ICON_CROSS.png"
    },
    {
      "id": "ICON_REFRESH",
      "type": "ui_icon",
      "path": "icons/png_128/ICON_REFRESH.png"
    },
    {
      "id": "ICON_NOTE",
      "type": "ui_icon",
      "path": "icons/png_128/ICON_NOTE.png"
    },
    {
      "id": "ICON_PAPERCLIP",
      "type": "ui_icon",
      "path": "icons/png_128/ICON_PAPERCLIP.png"
    },
    {
      "id": "ICON_FOLDER",
      "type": "ui_icon",
      "path": "icons/png_128/ICON_FOLDER.png"
    },
    {
      "id": "ICON_STAR",
      "type": "ui_icon",
      "path": "icons/png_128/ICON_STAR.png"
    },
    {
      "id": "ICON_HEART",
      "type": "ui_icon",
      "path": "icons/png_128/ICON_HEART.png"
    },
    {
      "id": "ICON_SHIELD",
      "type": "ui_icon",
      "path": "icons/png_128/ICON_SHIELD.png"
    },
    {
      "id": "ICON_SWORD",
      "type": "ui_icon",
      "path": "icons/png_128/ICON_SWORD.png"
    },
    {
      "id": "ICON_LANTERN",
      "type": "ui_icon",
      "path": "icons/png_128/ICON_LANTERN.png"
    },
    {
      "id": "ICON_FEATHER",
      "type": "ui_icon",
      "path": "icons/png_128/ICON_FEATHER.png"
    },
    {
      "id": "ICON_HAND",
      "type": "ui_icon",
      "path": "icons/png_128/ICON_HAND.png"
    },
    {
      "id": "ICON_SWAP",
      "type": "ui_icon",
      "path": "icons/png_128/ICON_SWAP.png"
    },
    {
      "id": "ICON_POI",
      "type": "ui_icon",
      "path": "icons/png_128/ICON_POI.png"
    },
    {
      "id": "ICON_TUTORIAL",
      "type": "ui_icon",
      "path": "icons/png_128/ICON_TUTORIAL.png"
    },
    {
      "id": "ICON_HOME",
      "type": "ui_icon",
      "path": "icons/png_128/ICON_HOME.png"
    },
    {
      "id": "ICON_EXIT",
      "type": "ui_icon",
      "path": "icons/png_128/ICON_EXIT.png"
    },
    {
      "id": "ICON_PLAY",
      "type": "ui_icon",
      "path": "icons/png_128/ICON_PLAY.png"
    },
    {
      "id": "ICON_PAUSE",
      "type": "ui_icon",
      "path": "icons/png_128/ICON_PAUSE.png"
    },
    {
      "id": "ICON_FAST",
      "type": "ui_icon",
      "path": "icons/png_128/ICON_FAST.png"
    },
    {
      "id": "ICON_REWIND",
      "type": "ui_icon",
      "path": "icons/png_128/ICON_REWIND.png"
    }
  ]
}