id,category_cn,large,thumb,sha1
EVD_001,卷宗,evidence_large/EVD_001_卷宗.png,evidence_thumb/EVD_001_卷宗_thumb.png,72cebc7f174184df34862bed128bea56123a6291
EVD_002,卷宗,evidence_large/EVD_002_卷宗.png,evidence_thumb/EVD_002_卷宗_thumb.png,0021cf4aed925e81a7bdd81a1b8513019463f463
EVD_003,卷宗,evidence_large/EVD_003_卷宗.png,evidence_thumb/EVD_003_卷宗_thumb.png,490fcddd7159a0a8a2128dd3490cb2c45961d29c
EVD_004,卷宗,evidence_large/EVD_004_卷宗.png,evidence_thumb/EVD_004_卷宗_thumb.png,53fa3fd1259fb01cf7ca454b6d3161884c028d2d
EVD_005,卷宗,evidence_large/EVD_005_卷宗.png,evidence_thumb/EVD_005_卷宗_thumb.png,a2176fbe2180b3a4e8dca946925abbf333fb9bc4
EVD_006,卷宗,evidence_large/EVD_006_卷宗.png,evidence_thumb/EVD_006_卷宗_thumb.png,5bb3a4920d80e9a93cbf3df9a0532bee6fd61faa
EVD_007,卷宗,evidence_large/EVD_007_卷宗.png,evidence_thumb/EVD_007_卷宗_thumb.png,8b7705bff58d5b8e80aa7a62ccf641f60e0034b8
EVD_008,卷宗,evidence_large/EVD_008_卷宗.png,evidence_thumb/EVD_008_卷宗_thumb.png,23facc2dea29d920cf9857f1391c4b95aeda9766
EVD_009,卷宗,evidence_large/EVD_009_卷宗.png,evidence_thumb/EVD_009_卷宗_thumb.png,62ce7221bd7868ba30038c5c05334208c5d79459
EVD_010,卷宗,evidence_large/EVD_010_卷宗.png,evidence_thumb/EVD_010_卷宗_thumb.png,8d55eb40b387391ce182b46646f968c479954a1b
EVD_011,印章,evidence_large/EVD_011_印章.png,evidence_thumb/EVD_011_印章_thumb.png,50369691d8e6eb4439c3152511b4c8c9e6d99211
EVD_012,印章,evidence_large/EVD_012_印章.png,evidence_thumb/EVD_012_印章_thumb.png,319773b8de5f1cf3a748628916b92e3688fcebf1
EVD_013,印章,evidence_large/EVD_013_印章.png,evidence_thumb/EVD_013_印章_thumb.png,642d46b9fc616d276d51cd3a4b303e2dc880dec7
EVD_014,印章,evidence_large/EVD_014_印章.png,evidence_thumb/EVD_014_印章_thumb.png,cf45be7341f0e62919258ebd8a4bc3c6382ff824
EVD_015,印章,evidence_large/EVD_015_印章.png,evidence_thumb/EVD_015_印章_thumb.png,1dca90699c5df9e3891e83e344e61a6da5161dc0
EVD_016,印章,evidence_large/EVD_016_印章.png,evidence_thumb/EVD_016_印章_thumb.png,e70bdb1037511cb7756f738d5b5201a9e78f1198
EVD_017,印章,evidence_large/EVD_017_印章.png,evidence_thumb/EVD_017_印章_thumb.png,5bf7d9aa7f20f476084968e686fc5297a4c8ef3c
EVD_018,印章,evidence_large/EVD_018_印章.png,evidence_thumb/EVD_018_印章_thumb.png,814a65b3fee0ec5d8e0433c1797edb8653387538
EVD_019,印章,evidence_large/EVD_019_印章.png,evidence_thumb/EVD_019_印章_thumb.png,0f3aa5302a61539f4c01d8738e627ddce3d2578e
EVD_020,印章,evidence_large/EVD_020_印章.png,evidence_thumb/EVD_020_印章_thumb.png,e5e38ed2b273a122698dfb0ccc4682cf82b58fda
EVD_021,纸片,evidence_large/EVD_021_纸片.png,evidence_thumb/EVD_021_纸片_thumb.png,a63e6dc4a6d39a87b34bae0d387ca2736658d50c
EVD_022,纸片,evidence_large/EVD_022_纸片.png,evidence_thumb/EVD_022_纸片_thumb.png,78f459d205b21fe13852ceadefd106b2596fb797
EVD_023,纸片,evidence_large/EVD_023_纸片.png,evidence_thumb/EVD_023_纸片_thumb.png,29aa9465385c604f43e248253f489877683979aa
EVD_024,纸片,evidence_large/EVD_024_纸片.png,evidence_thumb/EVD_024_纸片_thumb.png,ee9a1a8d443349bb547815d7b691f76fe2febb19
EVD_025,纸片,evidence_large/EVD_025_纸片.png,evidence_thumb/EVD_025_纸片_thumb.png,edf50497165d20aaf444677a1c9bdaffd7ddf599
EVD_026,纸片,evidence_large/EVD_026_纸片.png,evidence_thumb/EVD_026_纸片_thumb.png,b2fc54de15f7a340806c04287689ef1fa39750e5
EVD_027,纸片,evidence_large/EVD_027_纸片.png,evidence_thumb/EVD_027_纸片_thumb.png,1f61e2d512805574da41d6d67b27fef30ac3aeb0
EVD_028,纸片,evidence_large/EVD_028_纸片.png,evidence_thumb/EVD_028_纸片_thumb.png,e7b562bb768bc9e9e4106dc5577e00be3c2bf931
EVD_029,纸片,evidence_large/EVD_029_纸片.png,evidence_thumb/EVD_029_纸片_thumb.png,84efd8cac018d45e48d27c73a06c76310f3fb7ce
EVD_030,纸片,evidence_large/EVD_030_纸片.png,evidence_thumb/EVD_030_纸片_thumb.png,36d4605c3fabe7f1060f74df4e5c6915ab257405
EVD_031,玉佩,evidence_large/EVD_031_玉佩.png,evidence_thumb/EVD_031_玉佩_thumb.png,345a2d5dc787f74e1f3a917073c2b9c5ed22768e
EVD_032,玉佩,evidence_large/EVD_032_玉佩.png,evidence_thumb/EVD_032_玉佩_thumb.png,1e6d2095ba1ac17f50a377445ebe2202e071e3a3
EVD_033,玉佩,evidence_large/EVD_033_玉佩.png,evidence_thumb/EVD_033_玉佩_thumb.png,fca01f2971cc9735d0deae6954589c262150dfca
EVD_034,玉佩,evidence_large/EVD_034_玉佩.png,evidence_thumb/EVD_034_玉佩_thumb.png,338936b005af804d5c3428c260ab00a5f86ed7c0
EVD_035,玉佩,evidence_large/EVD_035_玉佩.png,evidence_thumb/EVD_035_玉佩_thumb.png,99893f1ff043ead4f492c246fd3e19585811b03b
EVD_036,玉佩,evidence_large/EVD_036_玉佩.png,evidence_thumb/EVD_036_玉佩_thumb.png,911c660a57e8224f0d19b66d1f2e26570da77119
EVD_037,玉佩,evidence_large/EVD_037_玉佩.png,evidence_thumb/EVD_037_玉佩_thumb.png,d212dce8e3da9c92a83f2a156302ef2e203c3abe
EVD_038,玉佩,evidence_large/EVD_038_玉佩.png,evidence_thumb/EVD_038_玉佩_thumb.png,dc88f3ccd84c5d5b81d07eb280f0da22b1054ab1
EVD_039,玉佩,evidence_large/EVD_039_玉佩.png,evidence_thumb/EVD_039_玉佩_thumb.png,2e7eb577a568474dcf04a5a9b52f7546def1818d
EVD_040,玉佩,evidence_large/EVD_040_玉佩.png,evidence_thumb/EVD_040_玉佩_thumb.png,18f53f65f4f5f37c043d55a067c0ba16e52155d3
EVD_041,密札,evidence_large/EVD_041_密札.png,evidence_thumb/EVD_041_密札_thumb.png,1d720956f9b8439ede1aa86bc6a2f6bc0f68ce28
EVD_042,密札,evidence_large/EVD_042_密札.png,evidence_thumb/EVD_042_密札_thumb.png,5693ea48cbda748763e2cd03d0f427d2080395ea
EVD_043,密札,evidence_large/EVD_043_密札.png,evidence_thumb/EVD_043_密札_thumb.png,2384b8db6b7f198466afd97257115914d78b27f7
EVD_044,密札,evidence_large/EVD_044_密札.png,evidence_thumb/EVD_044_密札_thumb.png,89b80574c7e66865881c569e5f847316c63e2f1a
EVD_045,密札,evidence_large/EVD_045_密札.png,evidence_thumb/EVD_045_密札_thumb.png,2ba8b2bf2b5b2f20c3d8dcbda8b3c20d75125cde
EVD_046,密札,evidence_large/EVD_046_密札.png,evidence_thumb/EVD_046_密札_thumb.png,d5646af40bf6ef63c760e571d739440c5dd052ad
EVD_047,密札,evidence_large/EVD_047_密札.png,evidence_thumb/EVD_047_密札_thumb.png,08eeef07542cf46abcb41fe1be42e08462a8a894
EVD_048,密札,evidence_large/EVD_048_密札.png,evidence_thumb/EVD_048_密札_thumb.png,86abb56b2714707e92c48af5cb81eaa7895c8a05
EVD_049,密札,evidence_large/EVD_049_密札.png,evidence_thumb/EVD_049_密札_thumb.png,38b5cc645467cd6617595ebab8809472b5aa3ace
EVD_050,密札,evidence_large/EVD_050_密札.png,evidence_thumb/EVD_050_密札_thumb.png,8dd5928e52fc80df22a4dd8b5dbca689b0f66eab
EVD_051,钥匙,evidence_large/EVD_051_钥匙.png,evidence_thumb/EVD_051_钥匙_thumb.png,7640720ab8654569563bea3d8743072eb418f8cc
EVD_052,钥匙,evidence_large/EVD_052_钥匙.png,evidence_thumb/EVD_052_钥匙_thumb.png,ca90cedf20143cebc3cf76731539715bde8833dc
EVD_053,钥匙,evidence_large/EVD_053_钥匙.png,evidence_thumb/EVD_053_钥匙_thumb.png,620ffb7b3be5800a12f526effa462d7e0f7a33a1
EVD_054,钥匙,evidence_large/EVD_054_钥匙.png,evidence_thumb/EVD_054_钥匙_thumb.png,fda7d0cc3a650dc613a2a9a810b13cb60bad02d4
EVD_055,钥匙,evidence_large/EVD_055_钥匙.png,evidence_thumb/EVD_055_钥匙_thumb.png,55aaf3ac9bed2b835a76d7e75a12251fc110cf3c
EVD_056,钥匙,evidence_large/EVD_056_钥匙.png,evidence_thumb/EVD_056_钥匙_thumb.png,e822984974ea842a46e9f1f21d01f00fd765885f
EVD_057,钥匙,evidence_large/EVD_057_钥匙.png,evidence_thumb/EVD_057_钥匙_thumb.png,93b0f145a08378d08f2b51ed7a2e4e978ff0bcde
EVD_058,钥匙,evidence_large/EVD_058_钥匙.png,evidence_thumb/EVD_058_钥匙_thumb.png,6492d93df837a68434a0ceacbb7e7b35c5d5729a
EVD_059,钥匙,evidence_large/EVD_059_钥匙.png,evidence_thumb/EVD_059_钥匙_thumb.png,939b23180df83086391eec222dbf3e154065218c
EVD_060,钥匙,evidence_large/EVD_060_钥匙.png,evidence_thumb/EVD_060_钥匙_thumb.png,b3952e08523b1ce278a6644768b5a72655f732e1
