{
  "name": "Black-Gold Archive UI Kit",
  "version": "1.0",
  "colorTokens": {
    "COLD_BASE": {
      "hex": "#0B1116",
      "rgb": [
        11,
        17,
        22
      ],
      "note": "制度寒意/夜审底色"
    },
    "PAPER_INFO": {
      "hex": "#F3EAD7",
      "rgb": [
        243,
        234,
        215
      ],
      "note": "信息承载/可读纸面"
    },
    "GOLD_ORDER": {
      "hex": "#B08D3A",
      "rgb": [
        176,
        141,
        58
      ],
      "note": "秩序边界/权威框"
    },
    "RED_DECISION": {
      "hex": "#8B1E1E",
      "rgb": [
        139,
        30,
        30
      ],
      "note": "裁断/风险/入档"
    }
  },
  "notes": [
    "朱红(RED_DECISION)只用于裁断/风险/入档节点；不要当常态高亮或背景渐变。",
    "暗金(GOLD_ORDER)用于边界/铭牌/编号槽；避免大面积铺金或镜面闪光。",
    "可读优先：PAPER_INFO 区域保持干净，做旧要克制。"
  ],
  "suggestedCornerRadius": {
    "dialogue": 28,
    "button": 28,
    "panel": 28,
    "tag": 18
  },
  "recommendedIconSizes": [
    24,
    32,
    48,
    64,
    128
  ],
  "animationHints": [
    {
      "action": "盖章确认",
      "durationMs": 200
    },
    {
      "action": "朱批钉字",
      "durationMs": 160
    },
    {
      "action": "封条开缝",
      "durationMs": 180
    },
    {
      "action": "条目落座",
      "durationMs": 140
    }
  ]
}