﻿asset,scene,suggested_use
BG_001,档案馆主厅（夜）,主厅机位A：书案/烛火/卷帙，适合开局或‘灯下御前’过渡
BG_011,档案馆主厅（夜）,主厅机位B：更贴近书案与梁柱，适合密谈/对峙
BG_003,奏疏库/卷宗墙,卷宗墙机位A：柜架+光束，适合调阅/对照
BG_009,奏疏库/卷宗墙,卷宗墙机位B：狭长通道，适合追查/搜检
BG_006,回廊夜色（风灯）,回廊机位A：风灯与远景，适合夜行/会面
BG_012,回廊夜色（风灯）,回廊机位B：更近的风灯与雾气，适合跟踪/密语
BG_001,灯下(toggle),可复用：烛光压迫的御前氛围
BG_013,灯下御前（烛光压迫）,烛光更紧：桌案占比更大，适合逼问/定夺
BG_002,雨夜宫道（反光地面）,雨夜机位A：宫道反光与灯列，适合追逐/传令
BG_014,雨夜宫道（反光地面）,雨夜机位B：更大雨势与雾气，适合‘走漏风声’
BG_004,密室/暗门,密室机位A：暗门光缝，适合发现机关/藏匿
BG_015,密室/暗门,密室机位B：更暗、更压迫，适合揭示真相前一刻
BG_016,内室对峙（近景）,内室机位A：近景室内压迫感，适合对峙/摊牌
BG_017,内室对峙（近景）,内室机位B：镜像构图，适合换位/立场冲突
BG_010,归档室/封存室（结尾感）,封存机位A：柜室+光束，适合‘入档’结尾
BG_018,归档室/封存室（结尾感）,封存机位B：更柔雾与尘粒，适合余韵/收束
BG_007,宫墙外景/天色压顶,外景机位A：压顶云与宫墙，适合大势将倾
BG_019,宫墙外景/天色压顶,外景机位B：雷光与更暗天幕，适合危机升级
BG_008,证物展示台/案上卷宗近景,证物台机位A：卷宗/锁/玉佩，适合线索展示
BG_020,证物展示台/案上卷宗近景,证物台机位B：更近物件，适合关键证物特写
